name,FGA,FGM,FT%,3PT%,PTS,REB,AST,ST,BLK,TO
LeBron James,1303,643,0.693,0.348,1698,525,684,78,36,261
Carmelo Anthony,782,336,0.845,0.385,895,368,85,49,27,100
Dwight Howard,277,202,0.514,0.6,517,507,45,31,79,84
Chris Paul,887,434,0.907,0.365,1232,349,472,111,11,161
Lou Williams,936,391,0.861,0.352,1185,201,365,43,12,182
LaMarcus Aldridge,793,391,0.827,0.389,1001,392,129,36,87,74
Kyle Lowry,803,334,0.857,0.352,1126,292,433,82,26,178
Kevin Durant,0,0,0,0,0,0,0,0,0,0
Al Horford,709,319,0.763,0.35,798,456,270,52,61,80
Mike Conley,567,232,0.827,0.375,675,151,208,36,5,92
Jeff Green,344,159,0.802,0.339,453,133,50,26,19,42
Thaddeus Young,601,269,0.583,0.356,659,315,117,92,23,102
Derrick Rose,753,369,0.871,0.306,904,121,278,40,16,126
Russell Westbrook,1281,604,0.763,0.258,1553,451,401,93,20,255
Kevin Love,727,327,0.854,0.374,987,547,178,33,19,140
Danilo Gallinari,817,358,0.893,0.405,1160,322,119,42,5,76
Eric Gordon,463,171,0.766,0.317,520,71,54,23,13,43
Brook Lopez,671,292,0.836,0.314,813,312,99,46,163,70
Serge Ibaka,670,343,0.718,0.385,845,452,77,28,46,109
Nicolas Batum,81,28,0.9,0.286,79,100,66,17,8,22
DeAndre Jordan,287,191,0.68,0,465,561,105,18,52,74
Goran Dragic,724,319,0.776,0.367,953,187,301,40,10,144
James Harden,1514,672,0.865,0.355,2335,446,512,125,60,308
Ricky Rubio,692,287,0.863,0.361,847,304,570,94,11,173
Stephen Curry,82,33,1,0.245,104,26,33,5,2,16
DeMar DeRozan,1049,557,0.845,0.257,1504,375,380,70,20,164
Jrue Holiday,1006,458,0.709,0.353,1167,293,408,99,48,184
John Wall,0,0,0,0,0,0,0,0,0,0
Gordon Hayward,700,350,0.855,0.383,909,348,212,38,22,96
Paul George,782,343,0.876,0.412,1033,272,185,68,20,125
Eric Bledsoe,703,334,0.79,0.344,911,282,328,57,26,148
Hassan Whiteside,702,436,0.686,0.571,1040,905,78,26,196,120
Kyrie Irving,416,199,0.922,0.394,548,103,128,27,10,52
Tristan Thompson,562,288,0.615,0.391,684,577,120,33,50,103
Jonas Valanciunas,739,432,0.74,0.352,1044,788,131,30,76,127
Kemba Walker,889,378,0.864,0.381,1145,217,268,48,28,117
Alec Burks,768,321,0.887,0.385,993,282,189,62,17,91
Kawhi Leonard,1133,532,0.886,0.378,1543,402,280,103,33,149
Nikola Vucevic,1033,493,0.784,0.339,1215,673,222,54,47,88
Enes Kanter,348,199,0.707,0.143,469,431,56,22,41,56
Tobias Harris,1173,553,0.806,0.367,1411,495,227,53,40,104
Jimmy Butler,758,345,0.834,0.244,1157,386,350,103,32,127
Bojan Bogdanovic,935,418,0.903,0.414,1275,259,131,34,7,159
Davis Bertans,610,265,0.852,0.424,834,245,92,37,33,59
Anthony Davis,1096,551,0.846,0.33,1618,577,200,91,143,154
Bradley Beal,1303,593,0.842,0.353,1741,242,347,71,23,194
Damian Lillard,1349,624,0.888,0.401,1978,284,530,70,22,194
Harrison Barnes,793,365,0.801,0.381,1046,355,159,43,12,88
Terrence Ross,846,341,0.853,0.351,1016,222,82,77,24,70
Andre Drummond,784,418,0.575,0.143,1010,864,152,109,93,203
Evan Fournier,929,434,0.818,0.399,1221,171,209,71,15,125
Jae Crowder,563,226,0.776,0.343,684,384,161,72,24,69
Draymond Green,316,123,0.759,0.279,345,266,266,59,33,98
Khris Middleton,947,471,0.916,0.415,1297,382,265,53,7,137
Will Barton,738,332,0.767,0.375,874,365,212,61,29,88
Justin Holiday,486,208,0.791,0.405,603,238,93,87,46,44
Victor Oladipo,246,97,0.814,0.317,275,75,56,17,4,47
Nerlens Noel,269,184,0.755,0.333,449,300,57,59,91,66
CJ McCollum,1356,611,0.757,0.379,1556,297,310,54,42,127
Steven Adams,478,283,0.582,0.333,684,583,146,51,67,94
Giannis Antetokounmpo,1238,685,0.633,0.304,1857,856,354,61,66,230
Dennis Schroder,965,453,0.839,0.385,1229,236,262,45,14,166
Mason Plumlee,288,177,0.535,0,437,317,154,33,38,82
Tim Hardaway Jr.,884,384,0.819,0.398,1121,232,137,41,5,69
Rudy Gobert,557,386,0.63,0,1026,916,101,51,135,130
Seth Curry,574,284,0.825,0.452,793,145,124,38,9,62
Robert Covington,723,305,0.798,0.335,870,463,88,115,93,103
Andrew Wiggins,978,437,0.709,0.332,1175,274,198,45,53,132
Joel Embiid,801,382,0.807,0.331,1172,593,152,45,65,159
Aaron Gordon,767,335,0.674,0.308,894,475,228,51,39,100
Marcus Smart,682,256,0.836,0.347,776,225,291,101,29,103
Julius Randle,1006,463,0.733,0.277,1248,622,198,51,22,193
Zach LaVine,1199,539,0.802,0.38,1530,289,254,88,28,206
T.J. Warren,997,534,0.819,0.403,1326,280,99,78,34,84
Jusuf Nurkic,109,54,0.886,0.2,141,82,32,11,16,19
Clint Capela,388,244,0.529,0,543,537,48,33,72,63
Bogdan Bogdanovic,766,337,0.741,0.372,924,207,207,64,15,102
Kyle Anderson,331,157,0.667,0.282,390,285,162,54,37,66
Joe Harris,784,381,0.719,0.424,998,298,144,41,17,104
Jerami Grant,634,303,0.75,0.389,851,248,88,50,57,63
Nikola Jokic,1071,565,0.817,0.314,1456,711,512,85,44,226
Jordan Clarkson,867,394,0.836,0.368,1078,187,136,46,16,97
Joe Ingles,553,246,0.787,0.399,707,278,373,65,11,142
Karl-Anthony Towns,622,316,0.796,0.412,926,378,153,33,42,110
D'Angelo Russell,846,360,0.809,0.367,1039,177,285,48,13,147
Kristaps Porzingis,932,398,0.799,0.352,1164,540,102,41,115,92
Myles Turner,587,268,0.751,0.344,749,407,72,46,132,85
Devin Booker,1283,627,0.919,0.354,1863,297,456,49,18,264
Kelly Oubre Jr.,826,373,0.78,0.352,1046,361,85,71,40,83
Terry Rozier,941,398,0.874,0.407,1134,276,259,61,10,141
Delon Wright,411,190,0.77,0.37,504,280,244,85,22,73
Bobby Portis,589,265,0.763,0.358,668,338,98,32,18,73
Larry Nance Jr.,431,229,0.676,0.352,564,409,123,56,22,60
Montrezl Harrell,812,471,0.658,0,1173,445,107,39,72,108
Richaun Holmes,344,223,0.788,0,539,358,42,41,56,52
Josh Richardson,646,278,0.809,0.341,755,174,162,52,36,104
Norman Powell,598,296,0.843,0.399,830,190,91,60,21,77
T.J. McConnell,411,212,0.833,0.294,464,189,355,56,11,100
Christian Wood,508,288,0.744,0.386,810,390,60,34,54,84
Ben Simmons,647,375,0.621,0.286,937,444,455,119,33,200
Brandon Ingram,1096,507,0.851,0.391,1477,380,259,61,38,189
Jaylen Brown,887,427,0.724,0.382,1159,364,118,65,20,125
Buddy Hield,1162,498,0.846,0.394,1382,328,213,66,17,168
Jamal Murray,894,408,0.881,0.346,1091,236,284,67,17,127
Jakob Poeltl,266,166,0.465,0,372,375,116,37,95,54
Domantas Sabonis,848,458,0.723,0.254,1147,771,310,47,30,170
Malik Beasley,534,227,0.818,0.388,615,148,75,40,8,57
Caris LeVert,732,311,0.711,0.364,842,189,199,53,10,118
Pascal Siakam,1104,500,0.792,0.359,1371,439,207,61,53,148
Dejounte Murray,637,294,0.798,0.369,720,383,271,111,17,125
Ivica Zubac,385,236,0.747,0,596,543,82,16,66,61
Malcolm Brogdon,744,326,0.892,0.326,893,262,381,35,10,131
Fred VanVleet,773,319,0.848,0.39,952,203,357,100,17,121
Lonzo Ball,687,277,0.566,0.375,745,383,438,88,38,193
Jayson Tatum,1226,552,0.812,0.403,1547,460,200,93,57,155
Josh Jackson,159,70,0.7,0.319,198,66,35,18,9,28
De'Aaron Fox,815,391,0.705,0.292,1077,196,348,74,25,158
Lauri Markkanen,591,251,0.824,0.344,737,313,74,42,23,81
Dennis Smith Jr.,211,72,0.509,0.296,187,78,98,28,8,58
Malik Monk,488,212,0.82,0.284,564,157,114,25,16,77
Donovan Mitchell,1342,602,0.863,0.366,1655,304,294,70,14,184
Bam Adebayo,790,440,0.691,0.143,1146,735,368,82,93,204
John Collins,605,353,0.8,0.401,885,416,60,31,66,75
Jarrett Allen,465,302,0.633,0,775,671,110,40,92,77
OG Anunoby,566,286,0.706,0.39,733,364,108,96,45,79
Kyle Kuzma,668,291,0.735,0.316,782,273,80,28,26,91
Derrick White,552,253,0.853,0.366,765,223,241,44,59,89
Josh Hart,532,225,0.739,0.342,656,425,108,63,23,75
Dillon Brooks,1068,435,0.808,0.358,1181,243,150,63,27,124
Daniel Theis,426,241,0.763,0.333,601,426,111,37,84,54
Chris Boucher,299,141,0.784,0.322,411,277,26,22,61,28
Royce O'Neale,365,158,0.764,0.377,450,389,180,59,32,61
Deandre Ayton,568,310,0.753,0.231,690,436,72,26,58,80
Marvin Bagley III,167,78,0.806,0.182,185,97,10,6,12,18
Luka Doncic,1255,581,0.758,0.316,1759,573,538,62,14,260
Jaren Jackson Jr.,753,353,0.747,0.394,990,262,78,40,92,99
Trae Young,1249,546,0.86,0.361,1778,255,560,65,8,289
Wendell Carter Jr.,343,183,0.737,0.207,484,405,51,33,36,72
Collin Sexton,1086,513,0.846,0.38,1349,204,192,65,7,158
Mikal Bridges,484,247,0.844,0.361,667,292,129,102,46,73
Shai Gilgeous-Alexander,1015,478,0.807,0.347,1331,412,232,79,47,134
Miles Bridges,753,319,0.809,0.33,843,362,114,40,48,95
Michael Porter Jr.,383,195,0.833,0.422,512,259,46,27,25,49
Donte DiVincenzo,510,232,0.733,0.336,610,318,154,85,20,90
Kevin Huerter,610,252,0.828,0.38,684,228,213,51,27,87
Robert Williams,88,64,0.647,0,150,128,27,22,35,21
Jalen Brunson,388,181,0.813,0.358,466,134,188,22,4,66
Devonte' Graham,963,368,0.82,0.373,1145,212,471,62,15,181
Mitchell Robinson,341,253,0.568,0,590,428,36,52,119,37
Gary Trent Jr.,441,196,0.822,0.418,541,100,61,48,16,21
Duncan Robinson,687,323,0.931,0.446,983,232,102,35,19,70
Kendrick Nunn,914,401,0.85,0.35,1024,180,220,56,15,114
Zion Williamson,360,210,0.64,0.429,540,150,50,16,9,59
Ja Morant,937,447,0.776,0.335,1193,259,488,58,18,220
RJ Barrett,727,292,0.614,0.32,803,279,143,55,17,124
De'Andre Hunter,683,280,0.764,0.355,778,286,112,44,18,103
Darius Garland,699,280,0.875,0.355,728,111,229,42,4,151
Coby White,792,312,0.791,0.354,859,230,175,49,6,109
Cam Reddish,554,213,0.802,0.332,610,216,87,62,28,96
PJ Washington,589,268,0.647,0.374,710,316,123,51,44,93
Tyler Herro,631,270,0.87,0.389,743,224,121,34,9,87
Brandon Clarke,479,296,0.759,0.359,700,345,81,32,48,55
Darius Bazley,317,125,0.694,0.348,342,246,41,23,41,45
Keldon Johnson,89,53,0.795,0.591,154,57,15,14,2,13
Anthony Edwards,0,0,0,0,0,0,0,0,0,0
James Wiseman,0,0,0,0,0,0,0,0,0,0
LaMelo Ball,0,0,0,0,0,0,0,0,0,0
Tyrese Haliburton,0,0,0,0,0,0,0,0,0,0
Saddiq Bey,0,0,0,0,0,0,0,0,0,0
Jae'Sean Tate,0,0,0,0,0,0,0,0,0,0
Derrick Jones Jr.,349,184,0.772,0.28,500,233,62,58,38,30
Udonis Haslem,11,4,0.75,0.333,12,16,1,0,0,1
Andre Iguodala,88,38,0.4,0.298,96,78,51,14,21,26
Trevor Ariza,324,142,0.838,0.372,423,246,91,69,15,56
Rudy Gay,596,266,0.882,0.336,726,362,114,35,33,88
JJ Redick,631,286,0.892,0.453,917,151,119,20,10,75
Rajon Rondo,328,137,0.659,0.328,342,142,240,40,2,91
P.J. Tucker,426,177,0.813,0.358,500,476,115,77,36,72
Paul Millsap,438,211,0.816,0.435,591,293,83,44,30,70
Jared Dudley,60,24,1,0.429,68,52,28,15,3,8
Marc Gasol,279,119,0.735,0.385,331,275,147,34,38,59
D.J. Augustin,461,184,0.89,0.348,599,122,262,34,1,86
Robin Lopez,299,147,0.528,0.333,357,161,45,10,45,63
JaVale McGee,306,195,0.646,0.5,446,390,37,36,94,55
George Hill,376,194,0.842,0.46,554,177,180,47,5,57
James Johnson,215,103,0.646,0.363,270,118,74,25,32,48
Jeff Teague,489,213,0.873,0.368,641,142,308,44,19,116
Taj Gibson,286,167,0.732,0.286,379,267,52,27,30,47
Wayne Ellington,174,61,0.846,0.35,183,65,44,13,4,18
Patrick Beverley,341,147,0.66,0.388,405,266,183,54,25,66
Danny Green,474,197,0.688,0.367,547,225,91,85,32,63
Patty Mills,598,258,0.866,0.382,767,108,118,53,6,54
Garrett Temple,587,222,0.805,0.329,641,218,156,49,29,62
Wesley Matthews,422,167,0.765,0.364,494,166,92,38,9,43
Derrick Favors,339,209,0.563,0.143,459,501,81,30,46,55
Al-Farouq Aminu,86,25,0.655,0.25,78,87,21,18,8,17
Ed Davis,46,22,0.5,0,51,105,12,11,9,13
Patrick Patterson,233,95,0.814,0.39,292,151,41,7,3,21
Avery Bradley,383,170,0.833,0.364,423,115,63,43,5,47
Nemanja Bjelica,653,314,0.821,0.419,831,458,203,62,40,99
Ish Smith,689,308,0.721,0.367,740,219,334,59,30,95
Bismack Biyombo,278,151,0.603,0,393,308,50,10,49,48
Klay Thompson,0,0,0,0,0,0,0,0,0,0
Markieff Morris,458,203,0.776,0.386,560,218,77,31,17,76
Marcus Morris Sr.,810,355,0.823,0.408,1033,311,86,47,30,97
Iman Shumpert,64,21,0.571,0.242,54,34,12,12,2,10
Reggie Jackson,326,134,0.833,0.393,370,92,126,13,5,51
Cory Joseph,412,171,0.857,0.352,458,188,251,53,21,80
E'Twaun Moore,437,186,0.689,0.377,466,131,78,32,11,40
Brad Wanamaker,362,162,0.926,0.363,487,144,179,61,14,76
Austin Rivers,501,211,0.703,0.356,596,175,113,49,10,50
Meyers Leonard,234,119,0.643,0.414,309,260,55,14,15,39
Jeremy Lamb,479,216,0.836,0.335,577,200,96,55,22,50
Moe Harkless,283,142,0.591,0.347,357,240,68,58,33,53
Tomas Satoransky,551,237,0.876,0.322,644,254,354,80,7,130
Mike Scott,350,149,0.811,0.369,408,248,56,22,5,26
Darius Miller,0,0,0,0,0,0,0,0,0,0
Kent Bazemore,534,200,0.769,0.344,597,294,93,74,40,91
Aron Baynes,381,183,0.747,0.351,481,237,67,10,23,50
Otto Porter Jr.,140,62,0.704,0.387,167,48,25,15,6,11
Cody Zeller,479,251,0.682,0.24,642,411,88,40,25,75
Alex Len,319,177,0.648,0.271,438,321,50,23,48,55
Ben McLemore,545,242,0.746,0.4,715,157,58,45,16,50
Kentavious Caldwell-Pope,507,237,0.775,0.385,645,142,111,57,14,62
Trey Burke,209,94,0.793,0.427,243,50,83,16,2,21
Michael Carter-Williams,260,111,0.832,0.293,323,147,109,49,22,52
Kelly Olynyk,398,184,0.86,0.406,549,305,116,45,23,71
Tony Snell,382,170,1,0.402,474,111,127,32,15,31
Gorgui Dieng,364,166,0.772,0.355,464,354,73,51,59,60
Solomon Hill,278,110,0.741,0.368,323,165,104,43,12,51
Reggie Bullock,224,90,0.81,0.333,234,68,42,25,3,19
Andre Roberson,29,8,0.5,0.214,20,27,4,1,3,2
Mike Muscala,189,77,0.818,0.378,226,108,40,9,12,17
Raul Neto,222,101,0.83,0.386,275,61,95,24,6,47
James Ennis III,359,160,0.806,0.325,454,245,63,35,22,58
Matthew Dellavedova,175,62,0.865,0.231,177,75,180,20,2,59
JaMychal Green,352,151,0.75,0.387,430,388,49,29,24,54
Rodney McGruder,181,72,0.559,0.27,187,151,36,26,8,24
Jabari Parker,429,219,0.753,0.269,531,214,68,45,16,64
Danté Exum,119,56,0.744,0.349,159,67,40,13,8,31
Elfrid Payton,440,193,0.57,0.203,449,212,323,70,17,96
Doug McDermott,547,267,0.828,0.435,710,174,78,12,5,42
Dario Saric,538,256,0.844,0.357,704,406,123,37,16,88
Gary Harris,519,218,0.815,0.333,581,163,118,76,14,60
Rodney Hood,172,87,0.778,0.493,230,72,32,17,4,19
Spencer Dinwiddie,1021,424,0.778,0.308,1318,221,432,40,21,174
Dwight Powell,229,146,0.667,0.256,376,227,59,34,22,36
Thanasis Antetokounmpo,48,24,0.412,0,55,24,15,7,2,12
Tyler Johnson,250,97,0.84,0.319,274,76,74,16,9,29
Langston Galloway,542,236,0.859,0.399,677,149,101,48,11,40
Khem Birch,143,73,0.653,0,212,220,50,20,23,31
Tim Frazier,94,34,0.792,0.333,97,33,93,14,4,36
Jakarr Sampson,115,68,0.667,0.154,156,88,21,16,12,15
Jahlil Okafor,162,101,0.645,0.333,243,127,37,7,22,38
Willie Cauley-Stein,302,175,0.606,0,390,315,70,49,61,40
Stanley Johnson,59,22,0.563,0.292,60,37,20,6,4,15
Frank Kaminsky,307,138,0.678,0.331,378,176,75,14,10,37
Justise Winslow,129,50,0.667,0.222,124,73,44,7,5,24
Trey Lyles,343,153,0.733,0.387,404,361,69,28,28,39
Cameron Payne,68,33,0.857,0.517,87,31,24,8,2,11
Tyus Jones,429,197,0.741,0.379,484,103,285,59,6,55
Kevon Looney,79,29,0.75,0.071,68,66,20,12,6,12
Cedi Osman,609,266,0.67,0.383,718,231,154,54,16,91
Guillermo Hernangómez,139,74,0.627,0.227,190,134,29,10,7,30
Pat Connaughton,301,137,0.775,0.331,360,284,107,25,31,52
Cristiano Felicio,54,34,0.783,0,86,102,16,10,2,18
Boban Marjanovic,211,121,0.754,0.235,289,197,20,8,10,30
Greg Whittington,0,0,0,0,0,0,0,0,0,0
Kris Dunn,342,152,0.741,0.259,373,186,173,101,17,68
Marquese Chriss,385,210,0.769,0.205,548,365,114,39,62,78
Taurean Prince,739,278,0.798,0.339,773,381,116,57,25,127
Denzel Valentine,237,97,0.75,0.336,246,74,43,26,6,26
Juancho Hernangómez,247,100,0.62,0.341,288,197,40,19,9,32
DeAndre' Bembry,228,104,0.542,0.231,249,152,81,55,19,60
Timothé Luwawu-Cabarrot,269,117,0.852,0.388,365,127,29,18,7,37
Furkan Korkmaz,563,242,0.755,0.402,704,168,79,41,16,59
Damian Jones,178,121,0.738,0.222,306,206,35,26,40,28
Patrick McCaw,162,67,0.722,0.324,170,86,79,39,4,29
Jake Layman,179,81,0.75,0.333,210,57,15,17,10,24
Georges Niang,322,141,0.833,0.4,392,127,44,18,5,30
Abdel Nader,263,123,0.773,0.375,345,100,38,23,20,43
Dorian Finney-Smith,522,243,0.722,0.376,678,405,114,45,39,69
Ryan Arcidiacono,220,90,0.711,0.391,261,110,96,27,3,37
Chasson Randle,4,0,0.833,0,5,2,5,2,0,0
Bryn Forbes,581,242,0.833,0.388,707,126,108,33,0,57
Danuel House Jr.,539,230,0.811,0.363,662,267,85,67,34,54
Damion Lee,511,213,0.873,0.356,621,239,133,50,6,67
Alex Caruso,291,120,0.734,0.333,349,123,124,70,18,53
David Nwaba,71,37,0.667,0.429,104,45,8,11,12,8
Markelle Fultz,772,359,0.73,0.267,870,238,369,90,11,147
Jonathan Isaac,332,156,0.779,0.34,404,231,48,53,78,49
Frank Ntilikina,333,131,0.864,0.321,357,121,172,54,16,71
Zach Collins,68,32,0.75,0.368,77,69,16,5,5,14
Luke Kennard,342,151,0.893,0.399,442,98,115,12,6,43
Justin Jackson,341,135,0.84,0.294,360,154,52,15,10,14
Justin Patton,10,4,0,0.25,9,5,2,0,0,2
D.J. Wilson,132,52,0.611,0.247,133,92,25,3,5,19
Harry Giles III,251,139,0.776,0,316,188,60,22,18,44
Terrance Ferguson,220,78,0.75,0.292,220,74,51,27,17,31
Tony Bradley,189,126,0.652,1,285,267,23,14,33,30
Frank Jackson,331,134,0.747,0.326,371,83,61,17,4,49
Wes Iwundu,233,97,0.804,0.341,300,131,60,25,13,26
Semi Ojeleye,196,80,0.875,0.378,236,145,37,21,5,19
Jordan Bell,67,35,0.613,0.333,93,81,16,3,10,21
Dwayne Bacon,244,85,0.66,0.284,224,100,52,23,2,37
Thomas Bryant,418,243,0.741,0.407,609,331,83,25,49,53
Isaiah Hartenstein,67,44,0.679,0,107,90,18,9,12,16
Damyean Dotson,290,120,0.667,0.362,321,91,57,23,4,21
Sterling Brown,256,95,0.8,0.324,266,183,51,29,7,42
Sindarius Thornwell,11,6,0.5,0.5,16,4,4,1,1,2
Vlatko Cancar,15,6,1,0.167,17,10,3,1,1,3
Monte Morris,566,260,0.843,0.378,660,137,255,55,17,53
Edmond Sumner,142,61,0.552,0.264,152,46,55,15,9,22
PJ Dozier,157,65,0.724,0.347,168,55,63,14,6,27
Maxi Kleber,514,237,0.849,0.373,672,388,88,25,83,58
Torrey Craig,269,124,0.611,0.326,315,189,47,23,36,25
Luke Kornet,187,82,0.714,0.287,215,84,32,11,26,14
Alfonzo McKinnie,171,73,0.71,0.215,182,113,14,23,8,26
Mo Bamba,286,132,0.674,0.346,332,302,42,23,86,42
Kevin Knox II,401,144,0.653,0.327,419,184,61,23,28,45
Jerome Robinson,310,115,0.702,0.32,319,129,87,28,17,49
Troy Brown Jr.,622,273,0.784,0.341,716,383,178,85,7,79
Lonnie Walker IV,357,152,0.721,0.406,389,139,68,32,14,44
Josh Okogie,398,170,0.796,0.266,533,268,99,68,26,87
Grayson Allen,251,117,0.867,0.404,330,85,52,10,2,33
Chandler Hutchison,175,80,0.59,0.316,218,108,26,27,7,27
Aaron Holiday,563,233,0.851,0.394,627,156,225,55,16,88
Anfernee Simons,536,214,0.826,0.332,579,152,97,26,10,61
Moritz Wagner,266,145,0.821,0.313,393,219,56,28,19,66
Landry Shamet,391,158,0.855,0.375,492,100,99,20,10,42
Jevon Carter,243,101,0.852,0.425,287,118,84,47,17,32
Isaac Bonga,234,118,0.812,0.352,330,222,76,45,22,58
Rodions Kurucs,177,79,0.632,0.367,215,137,51,25,5,46
Jarred Vanderbilt,8,5,1,0,12,9,2,3,1,7
Bruce Brown,447,198,0.739,0.344,517,274,230,63,29,100
Hamidou Diallo,296,132,0.603,0.281,318,167,36,37,9,51
De'Anthony Melton,401,161,0.769,0.286,455,220,175,77,20,84
Svi Mykhailiuk,405,166,0.814,0.404,504,104,106,41,4,61
Keita Bates-Diop,234,100,0.72,0.33,288,127,30,19,24,17
Chimezie Metu,42,24,0.769,0,58,33,10,3,6,10
Shake Milton,277,134,0.785,0.43,377,88,104,20,7,47
Kostas Antetokounmpo,3,3,0.5,0,7,3,2,0,0,1
Kenrich Williams,147,51,0.346,0.258,136,186,57,27,21,22
Theo Pinson,155,45,0.938,0.188,120,54,56,17,4,33
Wenyen Gabriel,48,21,0.682,0.3,63,52,8,11,7,16
Norvel Pelle,48,25,0.5,0,57,72,8,3,31,18
Brandon Goodwin,190,76,0.933,0.299,206,72,51,12,4,29
Drew Eubanks,67,43,0.769,1,107,85,15,5,17,21
Chris Chiozza,140,55,1,0.375,142,53,83,21,4,32
Gary Clark,133,54,0.9,0.351,156,110,17,6,22,10
Yuta Watanabe,34,15,0.375,0.375,36,20,5,5,1,2
Jordan McLaughlin,178,87,0.667,0.382,229,49,125,34,4,31
Paul Watson,26,10,0.778,0.333,31,17,8,4,1,3
Jarrett Culver,569,230,0.462,0.299,580,212,110,57,38,81
Jaxson Hayes,259,174,0.647,0.25,472,259,56,26,55,53
Rui Hachimura,545,254,0.829,0.287,649,294,87,37,8,53
Cameron Johnson,405,176,0.807,0.39,504,187,69,36,20,32
Romeo Langford,80,28,0.72,0.185,79,41,13,8,8,11
Sekou Doumbouya,236,92,0.674,0.286,243,118,19,20,8,35
Chuma Okeke,0,0,0,0,0,0,0,0,0,0
Nickeil Alexander-Walker,266,98,0.676,0.346,267,84,89,17,8,54
Goga Bitadze,150,70,0.727,0.19,172,106,23,10,37,28
Luka Samanic,16,5,0.75,0.375,16,10,6,0,2,2
Matisse Thybulle,265,112,0.61,0.357,305,107,79,93,47,51
Grant Williams,211,87,0.722,0.25,237,178,68,30,36,50
Ty Jerome,113,38,0.75,0.28,102,46,44,15,3,18
Nassir Little,151,65,0.636,0.237,172,108,22,13,14,15
Dylan Windler,0,0,0,0,0,0,0,0,0,0
Mfiondu Kabengele,32,14,1,0.45,42,11,2,2,2,2
Jordan Poole,502,167,0.798,0.279,503,118,134,35,10,74
Kevin Porter Jr.,421,186,0.723,0.335,498,162,109,46,14,93
Nicolas Claxton,48,27,0.524,0.143,66,44,16,1,8,9
KZ Okpala,5,3,0.5,0,7,5,1,2,1,1
Carsen Edwards,128,42,0.684,0.316,121,47,24,12,4,15
Bruno Fernando,199,103,0.569,0.135,240,198,49,18,17,42
Cody Martin,207,89,0.646,0.234,238,158,95,39,9,44
Deividas Sirvydis,0,0,0,0,0,0,0,0,0,0
Daniel Gafford,134,94,0.533,0,220,106,21,13,56,29
Alen Smailagic,40,20,0.842,0.231,59,27,13,3,4,11
Justin James,84,35,0.476,0.31,89,32,18,6,9,7
Eric Paschall,640,318,0.774,0.287,837,275,127,32,13,94
Jaylen Nowell,53,19,0.941,0.115,57,13,19,3,1,3
Bol Bol,28,14,0.8,0.444,40,19,6,2,6,10
Isaiah Roby,1,0,0,0,0,2,0,0,0,1
Talen Horton-Tucker,30,14,0.5,0.308,34,7,6,8,1,6
Ignas Brazdeikis,22,6,0.8,0.111,17,5,4,0,1,2
Terance Mann,79,37,0.667,0.35,99,55,53,11,5,18
Quinndary Weatherspoon,17,5,0.5,0.2,12,7,11,3,1,5
Jarrell Brantley,28,10,0.5,0.231,24,20,11,3,5,7
Tremont Waters,49,14,1,0.167,40,12,16,10,2,15
Jalen McDaniels,70,33,0.824,0.375,89,65,13,8,3,11
Kyle Guy,5,2,0,0,4,1,1,0,0,0
Miye Oni,32,12,0.8,0.368,35,17,4,4,2,4
Jalen Lecque,10,4,1,0,10,2,2,0,0,2
Adam Mokoka,28,12,0.5,0.4,32,10,4,4,0,2
Naz Reid,243,100,0.698,0.33,269,124,35,19,22,22
Luguentz Dort,218,86,0.792,0.297,244,81,27,31,4,22
John Konchar,37,24,0.5,0.5,54,47,22,7,3,7
Dean Wade,13,9,0,0.5,20,19,2,2,4,3
Chris Silva,78,48,0.673,0,133,126,23,9,21,32
Garrison Mathews,56,24,0.912,0.413,98,24,10,8,1,8
Vincent Poirier,36,17,0.857,0.5,41,43,8,2,9,8
Matt Thomas,150,73,0.75,0.475,202,61,22,10,1,16
Max Strus,3,2,1,0,5,1,0,0,0,0
Tacko Fall,14,11,0.333,0,23,15,1,1,4,3
Javonte Green,126,63,0.667,0.273,163,93,26,24,8,23
Nicolo Melli,323,136,0.74,0.335,395,180,82,34,23,46
Caleb Martin,84,37,0.81,0.541,111,38,23,12,7,15
DaQuan Jeffries,40,20,0.833,0.278,50,18,7,4,1,2
Terence Davis,436,199,0.864,0.388,543,237,115,39,14,76
Kelan Martin,181,71,0.968,0.26,197,96,23,7,9,20
Tyler Cook,12,8,0.875,0,23,14,1,3,0,3
Juwan Morgan,26,15,0.75,0.375,36,29,6,1,2,6
Moses Brown,10,4,0.375,0,11,14,1,1,1,3
Devontae Cacok,6,3,0,0,6,5,1,0,0,0
Brian Bowen II,10,3,0,0,6,7,0,0,1,1
Mychal Mulder,67,26,0.75,0.308,77,23,8,2,1,5
Amir Coffey,54,23,0.545,0.316,58,16,14,5,2,8
Jared Harper,4,1,0,0,2,0,0,0,0,0
Marques Bolden,0,0,0,0,0,2,0,1,0,0
Juan Toscano-Anderson,63,29,0.6,0.348,69,52,26,13,5,16
Keljin Blevins,0,0,0,0,0,0,0,0,0,0
Donta Hall,22,15,0.5,0,39,38,4,3,6,5
Rayjon Tucker,43,20,0.826,0.176,62,20,5,1,1,8
Gabe Vincent,37,8,0,0.222,22,5,6,5,0,1
Jontay Porter,0,0,0,0,0,0,0,0,0,0
Patrick Williams,0,0,0,0,0,0,0,0,0,0
Isaac Okoro,0,0,0,0,0,0,0,0,0,0
Onyeka Okongwu,0,0,0,0,0,0,0,0,0,0
Killian Hayes,0,0,0,0,0,0,0,0,0,0
Obi Toppin,0,0,0,0,0,0,0,0,0,0
Deni Avdija,0,0,0,0,0,0,0,0,0,0
Jalen Smith,0,0,0,0,0,0,0,0,0,0
Devin Vassell,0,0,0,0,0,0,0,0,0,0
Kira Lewis Jr.,0,0,0,0,0,0,0,0,0,0
Aaron Nesmith,0,0,0,0,0,0,0,0,0,0
Cole Anthony,0,0,0,0,0,0,0,0,0,0
Isaiah Stewart,0,0,0,0,0,0,0,0,0,0
Aleksej Pokusevski,0,0,0,0,0,0,0,0,0,0
Josh Green,0,0,0,0,0,0,0,0,0,0
Precious Achiuwa,0,0,0,0,0,0,0,0,0,0
Tyrese Maxey,0,0,0,0,0,0,0,0,0,0
Zeke Nnaji,0,0,0,0,0,0,0,0,0,0
R.J. Hampton,0,0,0,0,0,0,0,0,0,0
Immanuel Quickley,0,0,0,0,0,0,0,0,0,0
Payton Pritchard,0,0,0,0,0,0,0,0,0,0
Udoka Azubuike,0,0,0,0,0,0,0,0,0,0
Jaden McDaniels,0,0,0,0,0,0,0,0,0,0
Malachi Flynn,0,0,0,0,0,0,0,0,0,0
Desmond Bane,0,0,0,0,0,0,0,0,0,0
Tyrell Terry,0,0,0,0,0,0,0,0,0,0
Vernon Carey Jr.,0,0,0,0,0,0,0,0,0,0
Daniel Oturu,0,0,0,0,0,0,0,0,0,0
Theo Maledon,0,0,0,0,0,0,0,0,0,0
Xavier Tillman,0,0,0,0,0,0,0,0,0,0
Tyler Bey,0,0,0,0,0,0,0,0,0,0
Saben Lee,0,0,0,0,0,0,0,0,0,0
Elijah Hughes,0,0,0,0,0,0,0,0,0,0
Robert Woodard II,0,0,0,0,0,0,0,0,0,0
Tre Jones,0,0,0,0,0,0,0,0,0,0
Nick Richards,0,0,0,0,0,0,0,0,0,0
Jahmi'us Ramsey,0,0,0,0,0,0,0,0,0,0
Jordan Nwora,0,0,0,0,0,0,0,0,0,0
CJ Elleby,0,0,0,0,0,0,0,0,0,0
Nico Mannion,0,0,0,0,0,0,0,0,0,0
Isaiah Joe,0,0,0,0,0,0,0,0,0,0
Skylar Mays,0,0,0,0,0,0,0,0,0,0
KJ Martin Jr.,0,0,0,0,0,0,0,0,0,0
Cassius Winston,0,0,0,0,0,0,0,0,0,0
Cassius Stanley,0,0,0,0,0,0,0,0,0,0
Jay Scrubb,0,0,0,0,0,0,0,0,0,0
Grant Riller,0,0,0,0,0,0,0,0,0,0
Reggie Perry,0,0,0,0,0,0,0,0,0,0
Paul Reed,0,0,0,0,0,0,0,0,0,0
Jalen Harris,0,0,0,0,0,0,0,0,0,0
Sam Merrill,0,0,0,0,0,0,0,0,0,0
Mason Jones,0,0,0,0,0,0,0,0,0,0
Devon Dotson,0,0,0,0,0,0,0,0,0,0
Ty-Shon Alexander,0,0,0,0,0,0,0,0,0,0
Mamadi Diakite,0,0,0,0,0,0,0,0,0,0
Lamar Stevens,0,0,0,0,0,0,0,0,0,0
Killian Tillie,0,0,0,0,0,0,0,0,0,0
Sean McDermott,0,0,0,0,0,0,0,0,0,0
Nathan Knight,0,0,0,0,0,0,0,0,0,0
Trent Forrest,0,0,0,0,0,0,0,0,0,0
Ashton Hagans,0,0,0,0,0,0,0,0,0,0
Markus Howard,0,0,0,0,0,0,0,0,0,0
Facundo Campazzo,0,0,0,0,0,0,0,0,0,0
Anthony Gill,0,0,0,0,0,0,0,0,0,0
Nate Hinton,0,0,0,0,0,0,0,0,0,0
Nate Darling,0,0,0,0,0,0,0,0,0,0
Brodric Thomas,0,0,0,0,0,0,0,0,0,0
Will Magnay,0,0,0,0,0,0,0,0,0,0
Karim Mane,0,0,0,0,0,0,0,0,0,0
Josh Hall,0,0,0,0,0,0,0,0,0,0
Naji Marshall,0,0,0,0,0,0,0,0,0,0
